microsoft/vscode;/src/vs/workbench/browser/parts/editor/editorStatus.ts;114554; TODO@rebornix TODO@jrieken debt: https://github.com/microsoft/vscode/issues/114554$n$ it's inside notebook editor;1075
rust-lang/rust;/src/tools/clippy/.github/driver.sh;1; Run a lint and make sure it produces the expected output. It's also expected to exit with code 1$n$ FIXME: How to match the clippy invocation in compile-test.rs?;23
adobe/brackets;/test/perf/OpenFile-perf-files/brackets-concat.js;1381; TODO: Due to #1381, this won't get called if the user clicks out of the code hint menu.$n$ That's (sort of) okay right now since it doesn't really matter if a single old invisible$n$ code hint list is lying around (it'll get closed the next time the user pops up a code$n$ hint). Once #1381 is fixed this issue should go away.;10471
adobe/brackets;/test/perf/OpenFile-perf-files/brackets-concat.js;949; TODO: Issue 949 - the following code should be shared;38031
adobe/brackets;/test/perf/OpenFile-perf-files/brackets-concat.js;1381; TODO: Due to #1381, this won't get called if the user clicks out of the code hint menu.$n$ That's (sort of) okay right now since it doesn't really matter if a single old invisible$n$ code hint list is lying around (it'll get closed the next time the user pops up a code$n$ hint). Once #1381 is fixed this issue should go away.;48725
adobe/brackets;/test/perf/OpenFile-perf-files/brackets-concat.js;949; TODO: Issue 949 - the following code should be shared;76285
adobe/brackets;/src/editor/CodeHintList.js;1381; TODO: Due to #1381, this won't get called if the user clicks out of$n$ the code hint menu. That's (sort of) okay right now since it doesn't$n$ really matter if a single old invisible code hint list is lying$n$ around (it will ignore keydown events, and it'll get closed the next$n$ time the user pops up a code hint). Once #1381 is fixed this issue$n$ should go away.;583
grpc/grpc;/tools/run_tests/run_tests.py;20258; Disabled due to #20258$n$ TODO (mxyan): Reenable this test when #20258 is resolved.$n$ out.append($n$     self.config.job_spec($n$         ['src/objective-c/tests/build_one_example_bazel.sh'],$n$         timeout_seconds=20 * 60,$n$         shortname='ios-buildtest-example-watchOS-sample',$n$         cpu_cost=1e6,$n$         environ={$n$             'SCHEME': 'watchOS-sample-WatchKit-App',$n$             'EXAMPLE_PATH': 'src/objective-c/examples/watchOS-sample',$n$             'FRAMEWORKS': 'NO'$n$         }));1077
cypress-io/cypress;/packages/server/lib/request.js;10; if this ECONNREFUSED and we are$n$ retrying greater than 1 second$n$ then divide the delay interval$n$ by 10 so it doesn't wait as long to retry$n$ TODO: do we really want to do this?;65
angular/angular-cli;/tests/legacy-cli/e2e/tests/build/platform-server.ts;15851; todo: https://github.com/angular/angular-cli/issues/15851$n$ We need to fix the 'export_ngfactory' transformer as with the$n$ new universal approach the factory is not exported.;35
angular/angular-cli;/tests/legacy-cli/e2e/tests/build/platform-server.ts;15851; todo: https://github.com/angular/angular-cli/issues/15851$n$ We need to fix the 'export_ngfactory' transformer as with the$n$ new universal approach the factory is not exported.;35
metabase/metabase;/frontend/test/__support__/cypress.js;5480; Unfortunately, cypress `.type()` is currently broken and requires an ugly "hack"$n$ it is documented here: https://github.com/cypress-io/cypress/issues/5480$n$ `_typeUsingGet()` and `_typeUsingPlacehodler()` are temporary solution$n$ please refrain from using them, unless absolutely neccessary!;159
hashicorp/consul;/agent/consul/config.go;3744; TODO (slackpad) - Until #3744 is done, we need to keep these$n$ in sync with agent/config/default.go.;590
influxdata/influxdb;/ui/src/checks/actions/thunks.ts;17541; bump the limit up to the max. see idpe 6592$n$ TODO: https://github.com/influxdata/influxdb/issues/17541;78
kubernetes/minikube;/pkg/minikube/machine/fix.go;6887; TODO: refactor docker-env package to generate only eval command per shell. https://github.com/kubernetes/minikube/issues/6887;165
kubernetes/minikube;/pkg/minikube/machine/fix.go;6887; TODO: refactor podman-env package to generate only eval command per shell. https://github.com/kubernetes/minikube/issues/6887;174
kubernetes/minikube;/pkg/minikube/bootstrapper/bsutil/kverify/api_server.go;7770; example error from github action:$n$ cat: /sys/fs/cgroup/freezer/actions_job/e62ef4349cc5a70f4b49f8a150ace391da6ad6df27073c83ecc03dbf81fde1ce/kubepods/burstable/poda1de58db0ce81d19df7999f6808def1b/5df53230fe3483fd65f341923f18a477fda92ae9cd71061168130ef164fe479c/freezer.state: No such file or directory\n"*$n$ TODO: #7770 investigate how to handle this error better.;171
cockroachdb/cockroach;/pkg/cmd/roachtest/jepsen.go;35599; TODO(bdarnell): subcritical-skews nemesis is currently flaky due to ntp rate limiting.$n$ https://github.com/cockroachdb/cockroach/issues/35599$n${"subcritical-skews", "--nemesis subcritical-skews"},$n${"majority-ring-subcritical-skews", "--nemesis majority-ring --nemesis2 subcritical-skews"},$n${"subcritical-skews-start-kill-2", "--nemesis subcritical-skews --nemesis2 start-kill-2"},;33
cockroachdb/cockroach;/pkg/cmd/roachtest/jepsen.go;26082; We recognize some errors and ignore them.$n$ We're looking for the "Oh jeez" message that Jepsen prints as the test's$n$ outcome, followed by some known exceptions on the next line. If we don't find$n$ either one, we consider the error unrecognized.$n$ TODO(andrei): The known errors are tracked in #30527 (BrokenBarrier and$n$ Interrupted) and #26082 (JSch). Remove errors from this unfortunate list$n$ once the respective issues are fixed.;244
cockroachdb/cockroach;/pkg/cmd/roachprod/install/cockroach.go;51897; Given #51897 remains unresolved, master-built roachprod is used$n$ to run roachtests against the 20.1 branch. Some of those$n$ roachtests test mixed-version clusters that start off at 19.2.$n$ Consequently, we manually add this `cluster-bootstrapped` file$n$ where roachprod expects to find it for already-initialized$n$ clusters. This is a pretty gross hack, that we should address by$n$ addressing #51897.$n$$n$ TODO(irfansharif): Remove this once #51897 is resolved.$n$ storeIndex ;197
cockroachdb/cockroach;/pkg/kv/kvserver/replica_proposal_buf.go;21849; Silently ignore dropped proposals (they were always silently$n$ ignored prior to the introduction of ErrProposalDropped).$n$ TODO(bdarnell): Handle ErrProposalDropped better.$n$ https://github.com/cockroachdb/cockroach/issues/21849;652
cockroachdb/cockroach;/pkg/kv/kvserver/replica_proposal_buf.go;21849; Silently ignore dropped proposals (they were always silently$n$ ignored prior to the introduction of ErrProposalDropped).$n$ TODO(bdarnell): Handle ErrProposalDropped better.$n$ https://github.com/cockroachdb/cockroach/issues/21849;810
cockroachdb/cockroach;/pkg/kv/kvserver/replica_raft.go;21849; A proposal was forwarded to this replica but we couldn't propose it.$n$ Swallow the error since we don't have an effective way of signaling$n$ this to the sender.$n$ TODO(bdarnell): Handle ErrProposalDropped better.$n$ https://github.com/cockroachdb/cockroach/issues/21849;425
cockroachdb/cockroach;/pkg/kv/kvserver/raft_transport.go;8630; Outgoing messages are queued per-node on a channel of this size.$n$$n$ TODO(peter): The normal send buffer size is larger than we would like. It$n$ is a temporary patch for the issue discussed in #8630 where$n$ Store.HandleRaftRequest can block applying a preemptive snapshot for a$n$ long enough period of time that grpc flow control kicks in and messages$n$ are dropped on the sending side.;38
cockroachdb/cockroach;/pkg/kv/kvserver/liveness/livenesspb/liveness.pb.go;50707; NodeLivenessStatus describes the status of a node from the perspective of the$n$ liveness system. See comment on LivenessStatus() for a description of the$n$ states.$n$$n$ TODO(irfansharif): We should reconsider usage of NodeLivenessStatus.$n$ It's unclear if the enum is well considered. It enumerates across two$n$ distinct set of things: the "membership" status (live/active,$n$ decommissioning, decommissioned), and the node "process" status (live,$n$ unavailable, available). It's possible for two of these "states" to be true,$n$ simultaneously (consider a decommissioned, dead node). It makes for confusing$n$ semantics, and the code attempting to disambiguate across these states$n$ (kvserver.LivenessStatus() for e.g.) seem wholly arbitrary.$n$$n$ See #50707 for more details.;87
cockroachdb/cockroach;/pkg/roachpb/data.pb.go;43192; txn is a copy of the transaction record.$n$ TODO(knz,andrei): We don't actually need the fully txn$n$ record. This can be simplified.$n$ See: https://github.com/cockroachdb/cockroach/issues/43192;1374
cockroachdb/cockroach;/pkg/storage/pebble.go;16750; TODO(bdarnell): The hard-coded 512 MiB is wrong; see$n$ https://github.com/cockroachdb/cockroach/issues/16750$n$ 512 MiB ;578
cockroachdb/cockroach;/pkg/sql/exec_util.go;32534; defaultIntSize controls how a "naked" INT type will be parsed.$n$ TODO(bob): Change this to 4 in v2.3; https://github.com/cockroachdb/cockroach/issues/32534$n$ TODO(bob): Remove or n-op this in v2.4: https://github.com/cockroachdb/cockroach/issues/32844;116
cockroachdb/cockroach;/pkg/sql/exec_util.go;32844; defaultIntSize controls how a "naked" INT type will be parsed.$n$ TODO(bob): Change this to 4 in v2.3; https://github.com/cockroachdb/cockroach/issues/32534$n$ TODO(bob): Remove or n-op this in v2.4: https://github.com/cockroachdb/cockroach/issues/32844;116
cockroachdb/cockroach;/pkg/sql/vars.go;32844; Controls the subsequent parsing of a "naked" INT type.$n$ TODO(bob): Remove or no-op this in v2.4: https://github.com/cockroachdb/cockroach/issues/32844;294
cockroachdb/cockroach;/pkg/sql/vars.go;32534; Only record when the value has been changed to a non-default$n$ value, since we really just want to know how useful int4-mode$n$ is. If we were to record counts for size.4 and size.8$n$ variables, we'd have to distinguish cases in which a session$n$ was opened in int8 mode and switched to int4 mode, versus ones$n$ set to int4 by a connection string.$n$ TODO(bob): Change to 8 in v2.3: https://github.com/cockroachdb/cockroach/issues/32534;310
cockroachdb/cockroach;/pkg/sql/crdb_internal.go;55284; TODO(arul): Explore updating the schema below to have key be an INT and$n$ statement_ids be INT[] now that we've moved to having uint64 as the type of$n$ StmtID and TxnKey. Issue #55284;953
cockroachdb/cockroach;/pkg/sql/serial.go;32534; If unique_rowid() or virtual sequences are requested, we have$n$ no choice but to use the full-width integer type, no matter$n$ which serial size was requested, otherwise the values will not fit.$n$$n$ TODO(bob): Follow up with https://github.com/cockroachdb/cockroach/issues/32534$n$ when the default is inverted to determine if we should also$n$ switch this behavior around.;89
cockroachdb/cockroach;/pkg/sql/distsql_physical_planner.go;49596; The nodeID of the gateway node that initiated this query.$n$ TODO(asubiotto): This usage of NodeID instead of SQLInstanceID is$n$  temporary: https://github.com/cockroachdb/cockroach/issues/49596;79
cockroachdb/cockroach;/pkg/sql/distsql_physical_planner.go;49596; NewDistSQLPlanner initializes a DistSQLPlanner.$n$$n$ nodeID is the ID of the node on which this planner runs. It is used to favor$n$ itself and other close-by nodes when planning. An invalid nodeID can be$n$ passed to aid bootstrapping, but then SetNodeInfo() needs to be called$n$ before this planner is used.$n$ TODO(asubiotto): This usage of NodeID instead of SQLInstanceID is$n$  temporary: https://github.com/cockroachdb/cockroach/issues/49596;121
cockroachdb/cockroach;/pkg/sql/sem/tree/expr.go;28579; There's no type annotation available for tuples.$n$ TODO(jordan,knz): clean this up. AmbiguousReturnType should be set only$n$ when we should and can put an annotation here. #28579;1460
cockroachdb/cockroach;/pkg/sql/rowexec/distinct.go;48166; Row is a duplicate input to an Upsert operation, so raise$n$ an error.$n$$n$ TODO(knz): errorOnDup could be passed via log.Safe() if$n$ there was a guarantee that it does not contain PII. Or$n$ better yet, the caller would construct an `error` object to$n$ return here instead of a string.$n$ See: https://github.com/cockroachdb/cockroach/issues/48166;276
elastic/kibana;/x-pack/plugins/maps/public/classes/fields/es_doc_field.ts;60102; TODO remove local typing once Kibana has figured out a core place for Elasticsearch aggregation request types$n$ https://github.com/elastic/kibana/issues/60102;89
elastic/kibana;/x-pack/plugins/maps/public/classes/fields/es_doc_field.ts;60102; TODO remove local typing once Kibana has figured out a core place for Elasticsearch aggregation request types$n$ https://github.com/elastic/kibana/issues/60102;138
elastic/kibana;/x-pack/plugins/global_search_bar/public/components/search_bar.tsx;85189; TODO #85189 - refactor to use TagList instead of getTag$n$ Casting to Tag[] because we know all our IDs will be valid here, no need to check for undefined;153
elastic/kibana;/x-pack/plugins/fleet/public/applications/fleet/sections/agent_policy/create_package_policy_page/index.tsx;70358; If navigateTo appID is `fleet`, then don't use Kibana's navigateTo method, because that$n$ uses BrowserHistory but within fleet, we are using HashHistory.$n$ This temporary workaround hook can be removed once this issue is addressed:$n$ https://github.com/elastic/kibana/issues/70358;492
elastic/kibana;/src/plugins/kibana_utils/common/state_containers/create_state_container.ts;54439; TODO: https://github.com/elastic/kibana/issues/54439$n$ TODO: https://github.com/elastic/kibana/issues/54439;106
elastic/kibana;/src/plugins/ui_actions/public/service/ui_actions_service.ts;74501; TODO: remove `Action` https://github.com/elastic/kibana/issues/74501;128
elastic/kibana;/src/plugins/dashboard/common/saved_dashboard_references.ts;82830; TODO: This extraction should be done by EmbeddablePersistableStateService$n$ https://github.com/elastic/kibana/issues/82830;48
elastic/kibana;/src/plugins/dashboard/common/saved_dashboard_references.ts;82830; TODO: This injection should be done by EmbeddablePersistableStateService$n$ https://github.com/elastic/kibana/issues/82830;97
dotnet/roslyn;/src/Workspaces/Remote/ServiceHub/Services/EditAndContinue/RemoteEditAndContinueService.cs;47341; TODO: Non-C#/VB documents are not currently serialized to remote workspace.$n$ https://github.com/dotnet/roslyn/issues/47341;253
dotnet/roslyn;/src/EditorFeatures/Test/LinkedFiles/LinkedFileDiffMergingEditorTests.cs;46153; TODO: WPF required due to https://github.com/dotnet/roslyn/issues/46153;39
dotnet/roslyn;/src/EditorFeatures/Test/Preview/PreviewWorkspaceTests.cs;46153; TODO: WPF required due to https://github.com/dotnet/roslyn/issues/46153;195
radareorg/radare2;/libr/core/cmd_zign.c;7967; TODO #7967 help refactor: move to detail;433
radareorg/radare2;/libr/core/cmd_help.c;7967; TODO #7967 help refactor;1243
radareorg/radare2;/libr/core/cmd_type.c;7967; TODO #7967 help refactor: move to detail;1402
radareorg/radare2;/libr/core/cmd_anal.c;7967; TODO #7967 help refactor;3591
radareorg/radare2;/libr/core/cmd_anal.c;7967; TODO #7967 help refactor;3684
radareorg/radare2;/libr/core/cmd_anal.c;7967; "ars?"$n$ TODO #7967 help refactor: dup from drp;4647
radareorg/radare2;/libr/core/cmd_debug.c;7967; TODO #7967 help refactor;2151
radareorg/radare2;/libr/core/cmd_debug.c;7967; TODO #7967 help refactor: move to detail;4074
radareorg/radare2;/libr/core/cmd_debug.c;7967; TODO #7967 help refactor: move to detail;4140
radareorg/radare2;/libr/core/cmd_log.c;7967; TODO #7967 help refactor: move to another place;8
radareorg/radare2;/libr/core/cmd_log.c;7967; TODO #7967 help refactor: move L to another place;48
firecracker-microvm/firecracker;/tests/integration_tests/performance/test_snapshot_perf.py;2346; Latencies in milliseconds.$n$ The latency for snapshot creation has high variance due to scheduler noise.$n$ The issue is tracked here:$n$ https://github.com/firecracker-microvm/firecracker/issues/2346$n$ TODO: Update baseline values after fix.;24
microsoft/react-native-windows;/vnext/ReactCommon.UnitTests/JsiRuntimeGenerators.cpp;2730; TODO: #2730 Introduces a vcxitem for shared test code and move this$n$ there.;9
loadimpact/k6;/cmd/ui.go;1427; Print execution description for both cloud and local execution.$n$ TODO: Clean this up as part of #1499 or #1427;111
loadimpact/k6;/cmd/ui.go;1499; Print execution description for both cloud and local execution.$n$ TODO: Clean this up as part of #1499 or #1427;111
loadimpact/k6;/core/local/local_test.go;1250; TODO: change to 200 https://github.com/loadimpact/k6/issues/1250;948
loadimpact/k6;/lib/netext/httpext/digest_transport.go;800; RoundTrip handles digest auth by behaving like an http.RoundTripper$n$$n$ TODO: fix - this is a preliminary solution and is somewhat broken! we're$n$ always making 2 HTTP requests when digest authentication is enabled... we$n$ should cache the nonces and behave more like a browser... or we should$n$ ditch the hacky http.RoundTripper approach and write our own client...$n$$n$ Github issue: https://github.com/loadimpact/k6/issues/800;34
loadimpact/k6;/lib/executor/ramping_vus_test.go;1302; TODO: delete in favor of lib.generateRandomSequence() after$n$ https://github.com/loadimpact/k6/issues/1302 is done (can't import now due to$n$ import loops...);1172
desktop/desktop;/app/src/lib/shells/win32.ts;7; NOTE:$n$ on Windows 7 these are both REG_SZ, which technically isn't supposed$n$ to contain unexpanded references to environment variables. But given$n$ it's also %SystemRoot% and we do the expanding here I think this is$n$ a fine workaround to do to support the maximum number of setups.;122
SFTtech/openage;/openage/convert/value_object/read/media/blendomatic.py;4; alpha_masks_raw is an array of bytes that will draw 32 images,$n$ which are bit masks.$n$$n$ one of these masks also has 2353 pixels$n$ the storage of the bit masks is 4*tilesize, here's why:$n$$n$ 4 * 8bit * 2353 pixels = 75296 bitpixels$n$ ==> 75296/(32 images) = 2353 bitpixel/image$n$$n$ this means if we interprete the 75296 bitpixels as 32 images,$n$ each of these images gets 2353 bit as data.$n$ TODO: why 32 images? isn't that depending on tile_count?;97
withspectrum/spectrum;/flow-typed/npm/react_v16.8.0.js;3031; TODO Delete this once https://github.com/facebook/react/pull/3031 lands$n$ and "react" becomes the standard name for this module;409
withspectrum/spectrum;/flow-typed/npm/react-redux_v5.x.x.js;2360; <= workaround for https://github.com/facebook/flow/issues/2360;70
elastic/beats;/x-pack/auditbeat/magefile.go;11750; TODO: This is only for debian 7 and should be removed when move to a newer OS. This flag is$n$ going to be used unnecessary when building using non-debian7 images$n$ (like when making the linux/arm binaries) and we should remove it soonish.$n$ See https://github.com/elastic/beats/v7/issues/11750 for more details.;208
rkt/rkt;/vendor/golang.org/x/net/http2/server.go;2616; promoteUndeclaredTrailers permits http.Handlers to set trailers$n$ after the header has already been flushed. Because the Go$n$ ResponseWriter interface has no way to set Trailers (only the$n$ Header), and because we didn't want to expand the ResponseWriter$n$ interface, and because nobody used trailers, and because RFC 2616$n$ says you SHOULD (but not must) predeclare any trailers in the$n$ header, the official ResponseWriter rules said trailers in Go must$n$ be predeclared, and then we reuse the same ResponseWriter.Header()$n$ map to mean both Headers and Trailers.  When it's time to write the$n$ Trailers, we pick out the fields of Headers that were declared as$n$ trailers. That worked for a while, until we found the first major$n$ user of Trailers in the wild: gRPC (using them only over http2),$n$ and gRPC libraries permit setting trailers mid-stream without$n$ predeclarnig them. So: change of plans. We still permit the old$n$ way, but we also permit this hack: if a Header() key begins with$n$ "Trailer:", the suffix of that key is a Trailer. Because ':' is an$n$ invalid token byte anyway, there is no ambiguity. (And it's already$n$ filtered out) It's mildly hacky, but not terrible.$n$$n$ This method runs after the Handler is done and promotes any Header$n$ fields to be trailers.;2036
openshift/origin;/vendor/k8s.io/kubernetes/test/e2e/framework/util.go;10217; TODO: Since we don't have support for bulk resource deletion in the API,$n$ while deleting a namespace we are deleting all objects from that namespace$n$ one by one (one deletion == one API call). This basically exposes us to$n$ throttling - currently controller-manager has a limit of max 20 QPS.$n$ Once #10217 is implemented and used in namespace-controller, deleting all$n$ object from a given namespace should be much faster and we will be able$n$ to lower this timeout.$n$ However, now Density test is producing ~26000 events and Load capacity test$n$ is producing ~35000 events, thus assuming there are no other requests it will$n$ take ~30 minutes to fully delete the namespace. Thus I'm setting it to 60$n$ minutes to avoid any timeouts here.;374
jetstack/cert-manager;/devel/addon/sample-external-issuer/install.sh;3531; TODO: Move this image to quay.io$n$ https://github.com/jetstack/cert-manager/issues/3531;40
CesiumGS/cesium;/Source/ThirdParty/sprintf.js;2007;*$n$@license$n$sprintf.js from the php.js project - https://github.com/kvz/phpjs$n$Directly from https://github.com/kvz/phpjs/blob/master/functions/strings/sprintf.js$n$$n$php.js is copyright 2012 Kevin van Zonneveld.$n$$n$Portions copyright Brett Zamir (http://brett-zamir.me), Kevin van Zonneveld$n$(http://kevin.vanzonneveld.net), Onno Marsman, Theriault, Michael White$n$(http://getsprink.com), Waldo Malqui Silva, Paulo Freitas, Jack, Jonas$n$Raoni Soares Silva (http://www.jsfromhell.com), Philip Peterson, Legaev$n$Andrey, Ates Goral (http://magnetiq.com), Alex, Ratheous, Martijn Wieringa,$n$Rafa? Kukawski (http://blog.kukawski.pl), lmeyrick$n$(https://sourceforge.net/projects/bcmath-js/), Nate, Philippe Baumann,$n$Enrique Gonzalez, Webtoolkit.info (http://www.webtoolkit.info/), Carlos R.$n$L. Rodrigues (http://www.jsfromhell.com), Ash Searle$n$(http://hexmen.com/blog/), Jani Hartikainen, travc, Ole Vrijenhoek,$n$Erkekjetter, Michael Grier, Rafa? Kukawski (http://kukawski.pl), Johnny$n$Mast (http://www.phpvrouwen.nl), T.Wild, d3x,$n$http://stackoverflow.com/questions/57803/how-to-convert-decimal-to-hex-in-javascript,$n$Rafa? Kukawski (http://blog.kukawski.pl/), stag019, pilus, WebDevHobo$n$(http://webdevhobo.blogspot.com/), marrtins, GeekFG$n$(http://geekfg.blogspot.com), Andrea Giammarchi$n$(http://webreflection.blogspot.com), Arpad Ray (mailto:arpad@php.net),$n$gorthaur, Paul Smith, Tim de Koning (http://www.kingsquare.nl), Joris, Oleg$n$Eremeev, Steve Hilder, majak, gettimeofday, KELAN, Josh Fraser$n$(http://onlineaspect.com/2007/06/08/auto-detect-a-time-zone-with-javascript/),$n$Marc Palau, Martin$n$(http://www.erlenwiese.de/), Breaking Par Consulting Inc$n$(http://www.breakingpar.com/bkp/home.nsf/0/87256B280015193F87256CFB006C45F7),$n$Chris, Mirek Slugen, saulius, Alfonso Jimenez$n$(http://www.alfonsojimenez.com), Diplom@t (http://difane.com/), felix,$n$Mailfaker (http://www.weedem.fr/), Tyler Akins (http://rumkin.com), Caio$n$Ariede (http://caioariede.com), Robin, Kankrelune$n$(http://www.webfaktory.info/), Karol Kowalski, Imgen Tata$n$(http://www.myipdf.com/), mdsjack (http://www.mdsjack.bo.it), Dreamer,$n$Felix Geisendoerfer (http://www.debuggable.com/felix), Lars Fischer, AJ,$n$David, Aman Gupta, Michael White, Public Domain$n$(http://www.json.org/json2.js), Steven Levithan$n$(http://blog.stevenlevithan.com), Sakimori, Pellentesque Malesuada,$n$Thunder.m, Dj (http://phpjs.org/functions/htmlentities:425#comment_134018),$n$Steve Clay, David James, Francois, class_exists, nobbler, T. Wild, Itsacon$n$(http://www.itsacon.net/), date, Ole Vrijenhoek (http://www.nervous.nl/),$n$Fox, Raphael (Ao RUDLER), Marco, noname, Mateusz "loonquawl" Zalega, Frank$n$Forte, Arno, ger, mktime, john (http://www.jd-tech.net), Nick Kolosov$n$(http://sammy.ru), marc andreu, Scott Cariss, Douglas Crockford$n$(http://javascript.crockford.com), madipta, Slawomir Kaniecki,$n$ReverseSyntax, Nathan, Alex Wilson, kenneth, Bayron Guevara, Adam Wallner$n$(http://web2.bitbaro.hu/), paulo kuong, jmweb, Lincoln Ramsay, djmix,$n$Pyerre, Jon Hohle, Thiago Mata (http://thiagomata.blog.com), lmeyrick$n$(https://sourceforge.net/projects/bcmath-js/this.), Linuxworld, duncan,$n$Gilbert, Sanjoy Roy, Shingo, sankai, Oskar Larsson H?gfeldt$n$(http://oskar-lh.name/), Denny Wardhana, 0m3r, Everlasto, Subhasis Deb,$n$josh, jd, Pier Paolo Ramon (http://www.mastersoup.com/), P, merabi, Soren$n$Hansen, Eugene Bulkin (http://doubleaw.com/), Der Simon$n$(http://innerdom.sourceforge.net/), echo is bad, Ozh, XoraX$n$(http://www.xorax.info), EdorFaus, JB, J A R, Marc Jansen, Francesco, LH,$n$Stoyan Kyosev (http://www.svest.org/), nord_ua, omid$n$(http://phpjs.org/functions/380:380#comment_137122), Brad Touesnard, MeEtc$n$(http://yass.meetcweb.com), Peter-Paul Koch$n$(http://www.quirksmode.org/js/beat.html), Olivier Louvignes$n$(http://mg-crea.com/), T0bsn, Tim Wiel, Bryan Elliott, Jalal Berrami,$n$Martin, JT, David Randall, Thomas Beaucourt (http://www.webapp.fr), taith,$n$vlado houba, Pierre-Luc Paour, Kristof Coomans (SCK-CEN Belgian Nucleair$n$Research Centre), Martin Pool, Kirk Strobeck, Rick Waldron, Brant Messenger$n$(http://www.brantmessenger.com/), Devan Penner-Woelk, Saulo Vallory, Wagner$n$B. Soares, Artur Tchernychev, Valentina De Rosa, Jason Wong$n$(http://carrot.org/), Christoph, Daniel Esteban, strftime, Mick@el, rezna,$n$Simon Willison (http://simonwillison.net), Anton Ongson, Gabriel Paderni,$n$Marco van Oort, penutbutterjelly, Philipp Lenssen, Bjorn Roesbeke$n$(http://www.bjornroesbeke.be/), Bug?, Eric Nagel, Tomasz Wesolowski,$n$Evertjan Garretsen, Bobby Drake, Blues (http://tech.bluesmoon.info/), Luke$n$Godfrey, Pul, uestla, Alan C, Ulrich, Rafal Kukawski, Yves Sucaet,$n$sowberry, Norman "zEh" Fuchs, hitwork, Zahlii, johnrembo, Nick Callen,$n$Steven Levithan (stevenlevithan.com), ejsanders, Scott Baker, Brian Tafoya$n$(http://www.premasolutions.com/), Philippe Jausions$n$(http://pear.php.net/user/jausions), Aidan Lister$n$(http://aidanlister.com/), Rob, e-mike, HKM, ChaosNo1, metjay, strcasecmp,$n$strcmp, Taras Bogach, jpfle, Alexander Ermolaev$n$(http://snippets.dzone.com/user/AlexanderErmolaev), DxGx, kilops, Orlando,$n$dptr1988, Le Torbi, James (http://www.james-bell.co.uk/), Pedro Tainha$n$(http://www.pedrotainha.com), James, Arnout Kazemier$n$(http://www.3rd-Eden.com), Chris McMacken, gabriel paderni, Yannoo,$n$FGFEmperor, baris ozdil, Tod Gentille, Greg Frazier, jakes, 3D-GRAF, Allan$n$Jensen (http://www.winternet.no), Howard Yeend, Benjamin Lupton, davook,$n$daniel airton wermann (http://wermann.com.br), Atli T¨®r, Maximusya, Ryan$n$W Tenney (http://ryan.10e.us), Alexander M Beedie, fearphage$n$(http://http/my.opera.com/fearphage/), Nathan Sepulveda, Victor, Matteo,$n$Billy, stensi, Cord, Manish, T.J. Leahy, Riddler$n$(http://www.frontierwebdev.com/), Rafa? Kukawski, FremyCompany, Matt$n$Bradley, Tim de Koning, Luis Salazar (http://www.freaky-media.com/), Diogo$n$Resende, Rival, Andrej Pavlovic, Garagoth, Le Torbi$n$(http://www.letorbi.de/), Dino, Josep Sanz (http://www.ws3.es/), rem,$n$Russell Walker (http://www.nbill.co.uk/), Jamie Beck$n$(http://www.terabit.ca/), setcookie, Michael, YUI Library:$n$http://developer.yahoo.com/yui/docs/YAHOO.util.DateLocale.html, Blues at$n$http://hacks.bluesmoon.info/strftime/strftime.js, Ben$n$(http://benblume.co.uk/), DtTvB$n$(http://dt.in.th/2008-09-16.string-length-in-bytes.html), Andreas, William,$n$meo, incidence, Cagri Ekin, Amirouche, Amir Habibi$n$(http://www.residence-mixte.com/), Luke Smith (http://lucassmith.name),$n$Kheang Hok Chin (http://www.distantia.ca/), Jay Klehr, Lorenzo Pisani,$n$Tony, Yen-Wei Liu, Greenseed, mk.keck, Leslie Hoare, dude, booeyOH, Ben$n$Bryan$n$$n$Licensed under the MIT (MIT-LICENSE.txt) license.$n$$n$Permission is hereby granted, free of charge, to any person obtaining a$n$copy of this software and associated documentation files (the$n$"Software"), to deal in the Software without restriction, including$n$without limitation the rights to use, copy, modify, merge, publish,$n$distribute, sublicense, and/or sell copies of the Software, and to$n$permit persons to whom the Software is furnished to do so, subject to$n$the following conditions:$n$$n$The above copyright notice and this permission notice shall be included$n$in all copies or substantial portions of the Software.$n$$n$THE SOFTWARE IS PROVIDED "AS IS", WITHOUT WARRANTY OF ANY KIND, EXPRESS$n$OR IMPLIED, INCLUDING BUT NOT LIMITED TO THE WARRANTIES OF$n$MERCHANTABILITY, FITNESS FOR A PARTICULAR PURPOSE AND NONINFRINGEMENT.$n$IN NO EVENT SHALL KEVIN VAN ZONNEVELD BE LIABLE FOR ANY CLAIM, DAMAGES$n$OR OTHER LIABILITY, WHETHER IN AN ACTION OF CONTRACT, TORT OR OTHERWISE,$n$ARISING FROM, OUT OF OR IN CONNECTION WITH THE SOFTWARE OR THE USE OR$n$OTHER DEALINGS IN THE SOFTWARE.$n$;1
WordPress/gutenberg;/packages/e2e-tests/specs/experiments/multi-entity-editing.test.js;17355; TODO: Add back console mocks when$n$ https://github.com/WordPress/gutenberg/issues/17355 is fixed.$n$ eslint-disable no-console ;125
tektoncd/pipeline;/pkg/reconciler/events/cloudevent/cloudevent.go;2676; TODO: SelfLink is deprecated https://github.com/tektoncd/pipeline/issues/2676;98
perkeep/perkeep;/pkg/fs/debug.go;679; TODO: https://github.com/perkeep/perkeep/issues/679;60
pachyderm/pachyderm;/etc/testing/deploy-manifests/validate.sh;2934; XXX: for now, skip diffing because 'ci_build' ends up in the version. Not$n$ sure how to workaround that.$n$ https://app.circleci.com/pipelines/github/pachyderm/pachyderm/80/workflows/088e1426-b4ce-4baa-85e2-f9a20cc75151/jobs/2934;89
kubernetes/kubernetes;/staging/src/k8s.io/apimachinery/pkg/test/apis_meta_v1_unstructed_unstructure_test.go;21402; TODO: Handle timestamps, which are being marshalled as UTC and$n$ unmarshalled as Local.$n$ https://github.com/kubernetes/kubernetes/issues/21402$n$ {accessor: "CreationTimestamp", val: someTime},$n$ {accessor: "DeletionTimestamp", val: someTimeP},;524
kubernetes/kubernetes;/test/e2e_node/util.go;34494; TODO: Find a uniform way to deal with systemctl/initctl/service operations. #34494;396
kubernetes/kubernetes;/test/kubemark/resources/start-kubemark-master.sh;53321; Write the config for the audit policy.$n$ Note: This duplicates the function in cluster/gce/gci/configure-helper.sh.$n$ TODO: Get rid of this function when #53321 is fixed.;342
kubernetes/kubernetes;/test/e2e/framework/volume/fixtures.go;81245; PodExec runs f.ExecCommandInContainerWithFullOutput to execute a shell cmd in target pod$n$ TODO: put this under e2epod once https://github.com/kubernetes/kubernetes/issues/81245$n$ is resolved. Otherwise there will be dependency issue.;720
kubernetes/kubernetes;/test/e2e/framework/volume/fixtures.go;81245; VerifyExecInPodSucceed verifies shell cmd in target pod succeed$n$ TODO: put this under e2epod once https://github.com/kubernetes/kubernetes/issues/81245$n$ is resolved. Otherwise there will be dependency issue.;731
kubernetes/kubernetes;/test/e2e/framework/volume/fixtures.go;81245; VerifyExecInPodFail verifies shell cmd in target pod fail with certain exit code$n$ TODO: put this under e2epod once https://github.com/kubernetes/kubernetes/issues/81245$n$ is resolved. Otherwise there will be dependency issue.;751
kubernetes/kubernetes;/pkg/controller/volume/scheduling/scheduler_binder_test.go;72327; TODO refactor all tests to use real watch mechanism, see #72327;144
kubernetes/kubernetes;/pkg/volume/emptydir/empty_dir.go;2630; TODO: in the near future, this will be changed to be more restrictive$n$ and the group will be set to allow containers to use emptyDir volumes$n$ from the group attribute.$n$$n$ http://issue.k8s.io/2630;41
